id,first_name,last_name,email,gender,phone
1,King,Bienvenu,kbienvenu0@seesaa.net,Bigender,188-456-4917
2,Stacy,Brixey,sbrixey1@zdnet.com,Agender,651-392-9202
3,Mitzi,Paddle,mpaddle2@geocities.com,Male,104-142-3814
4,Dimitri,Olczyk,dolczyk3@google.com.hk,Bigender,511-432-4310
5,Christy,Gemmill,cgemmill4@usa.gov,Genderfluid,495-288-4559
6,Mame,Aindriu,maindriu5@chron.com,Genderqueer,430-226-5366
7,Broddy,Duffree,bduffree6@google.com.hk,Male,105-135-5721
8,Rozelle,Zouch,rzouch7@hc360.com,Non-binary,533-962-3564
9,Fitzgerald,Cregin,fcregin8@g.co,Genderqueer,188-758-3264
10,Lynn,Doughty,ldoughty9@yolasite.com,Female,119-271-4364
11,Corrie,Devenish,cdevenisha@accuweather.com,Agender,540-731-3127
12,Stanford,Brickstock,sbrickstockb@ning.com,Bigender,919-362-5185
13,Heloise,Hanlon,hhanlonc@symantec.com,Bigender,861-129-6023
14,Catharina,Stutely,cstutelyd@studiopress.com,Polygender,806-332-3993
15,Cortney,Hasloch,chasloche@addtoany.com,Non-binary,461-367-1563
16,Pen,Twoohy,ptwoohyf@state.gov,Genderqueer,486-103-0118
17,Shaw,Winham,swinhamg@cisco.com,Bigender,525-883-0718
18,Tessi,Klimochkin,tklimochkinh@woothemes.com,Genderqueer,980-746-0131
19,Bonny,Hollows,bhollowsi@mozilla.org,Bigender,563-890-2132
20,Monica,Huthart,mhuthartj@eventbrite.com,Genderfluid,714-118-0826
21,Mikaela,Sollom,msollomk@deviantart.com,Genderqueer,514-107-5476
22,Josephine,Dalziel,jdalziell@cnn.com,Female,320-347-4262
23,Shadow,German,sgermanm@un.org,Polygender,370-970-7484
24,Theresita,Dunn,tdunnn@answers.com,Bigender,665-914-9004
25,Corbie,Grady,cgradyo@webnode.com,Non-binary,291-323-5705
26,Shelley,Ragg,sraggp@businesswire.com,Agender,960-484-3253
27,Lola,Muldoon,lmuldoonq@gov.uk,Polygender,474-477-2574
28,Wilburt,Wilmington,wwilmingtonr@huffingtonpost.com,Bigender,193-106-3149
29,Jaclin,Sidebotton,jsidebottons@prnewswire.com,Bigender,106-442-4870
30,Patric,Hegden,phegdent@dailymotion.com,Bigender,732-239-4041
31,Marice,Craft,mcraftu@archive.org,Genderqueer,176-946-2752
32,Eugenius,McEvilly,emcevillyv@vkontakte.ru,Polygender,335-951-4893
33,Malachi,Richardes,mrichardesw@youtu.be,Polygender,504-861-2577
34,Harmony,Vidloc,hvidlocx@oakley.com,Female,799-874-6388
35,Janey,Malatalant,jmalatalanty@soundcloud.com,Male,943-239-4108
36,Odey,Hepher,ohepherz@berkeley.edu,Non-binary,827-401-4033
37,Danit,Francey,dfrancey10@accuweather.com,Male,163-826-3100
38,Torie,Aleksidze,taleksidze11@yale.edu,Non-binary,116-710-9182
39,Shem,Clara,sclara12@meetup.com,Male,355-193-8433
40,Andria,Bachanski,abachanski13@umich.edu,Agender,999-581-3501
41,Esmaria,Laidel,elaidel14@ameblo.jp,Non-binary,895-633-0891
42,Mandi,Carl,mcarl15@hud.gov,Non-binary,743-546-0489
43,Logan,Gormally,lgormally16@statcounter.com,Agender,288-665-7455
44,Lita,Barkly,lbarkly17@com.com,Genderqueer,723-933-7621
45,Alphard,Romanski,aromanski18@virginia.edu,Agender,422-998-9474
46,Mauricio,Brunelleschi,mbrunelleschi19@linkedin.com,Bigender,516-394-8882
47,Josh,Kuhn,jkuhn1a@cornell.edu,Genderfluid,180-392-6142
48,Astrix,Kimbling,akimbling1b@over-blog.com,Bigender,512-237-2661
49,Gerladina,Petrichat,gpetrichat1c@51.la,Agender,951-720-0639
50,Vivien,Cumbers,vcumbers1d@simplemachines.org,Non-binary,429-521-0805
51,Herc,Lawday,hlawday1e@adobe.com,Polygender,562-892-2290
52,Tarrah,Jeandel,tjeandel1f@state.gov,Genderqueer,181-565-0707
53,Teodor,Bax,tbax1g@typepad.com,Polygender,335-954-9543
54,Roxanna,Draijer,rdraijer1h@wikimedia.org,Polygender,423-146-3608
55,Gilberte,Dorbin,gdorbin1i@alibaba.com,Genderfluid,761-277-1648
56,Elianora,Mityakov,emityakov1j@tinyurl.com,Polygender,666-995-0927
57,Breanne,Dufton,bdufton1k@jugem.jp,Agender,548-820-5017
58,Enoch,Monelle,emonelle1l@wikispaces.com,Polygender,682-317-1638
59,Rolf,Pinkard,rpinkard1m@sitemeter.com,Non-binary,839-994-0040
60,Des,Nudds,dnudds1n@java.com,Polygender,545-395-4575
61,Erina,Dunbleton,edunbleton1o@ning.com,Male,170-349-5794
62,Kerianne,Chiplen,kchiplen1p@mozilla.com,Female,424-893-2137
63,Cassaundra,Dubery,cdubery1q@whitehouse.gov,Polygender,963-105-4591
64,Zacharia,Buckam,zbuckam1r@hud.gov,Female,250-459-2971
65,Reggie,Mote,rmote1s@parallels.com,Non-binary,129-285-9278
66,Wolf,Hamly,whamly1t@ifeng.com,Genderfluid,239-675-4227
67,Baron,Swoffer,bswoffer1u@ow.ly,Polygender,979-228-6695
68,Ly,Nel,lnel1v@google.de,Male,435-360-3862
69,Dante,Cotter,dcotter1w@yellowbook.com,Female,122-693-2484
70,Raynard,Tanswill,rtanswill1x@woothemes.com,Female,951-575-0348
71,Fenelia,Tooth,ftooth1y@godaddy.com,Female,101-661-9711
72,Flor,Kennelly,fkennelly1z@desdev.cn,Agender,958-423-9068
73,Valeria,Shilito,vshilito20@wordpress.org,Polygender,714-690-6088
74,Jannelle,Fautly,jfautly21@nhs.uk,Male,902-788-1623
75,Lorant,Pohling,lpohling22@studiopress.com,Non-binary,264-617-9560
76,Eveline,Shurville,eshurville23@ask.com,Genderfluid,552-818-8868
77,Arlene,Mauvin,amauvin24@friendfeed.com,Genderfluid,990-973-9061
78,Darelle,Balasini,dbalasini25@google.co.jp,Agender,927-358-9170
79,Ermin,Walbrook,ewalbrook26@1und1.de,Male,916-216-8605
80,Abdul,Hansie,ahansie27@hatena.ne.jp,Non-binary,361-195-5682
81,Fanchon,Wilflinger,fwilflinger28@nasa.gov,Bigender,469-269-4601
82,Celinda,Beels,cbeels29@last.fm,Agender,670-845-8732
83,Amalee,Dodman,adodman2a@feedburner.com,Agender,295-462-7559
84,Giffard,Stanistreet,gstanistreet2b@gmpg.org,Female,818-200-8645
85,Kerianne,Kipping,kkipping2c@163.com,Female,691-252-9885
86,Grace,Johnston,gjohnston2d@xrea.com,Genderfluid,403-158-8040
87,Silvano,Bretelle,sbretelle2e@nhs.uk,Female,108-894-6277
88,Melisent,Mallinder,mmallinder2f@theguardian.com,Genderqueer,948-720-9619
89,Hew,Covotti,hcovotti2g@tiny.cc,Polygender,701-974-2662
90,Charlean,Hannah,channah2h@hhs.gov,Genderqueer,986-875-0746
91,Oliver,Ollcott,oollcott2i@plala.or.jp,Male,922-969-0370
92,Ric,Buckley,rbuckley2j@a8.net,Genderqueer,713-483-1681
93,Hester,Izod,hizod2k@hao123.com,Genderqueer,942-284-6888
94,Felicio,Crosbie,fcrosbie2l@google.co.uk,Male,284-398-1210
95,Analiese,Braund,abraund2m@dion.ne.jp,Male,605-189-3113
96,Javier,Thebe,jthebe2n@gov.uk,Agender,419-132-5371
97,Letti,Gogay,lgogay2o@xrea.com,Agender,365-729-5517
98,Lorinda,Bondar,lbondar2p@domainmarket.com,Male,610-667-9704
99,Lorrin,Orniz,lorniz2q@webs.com,Male,625-512-5977
100,Eberto,Kubat,ekubat2r@nationalgeographic.com,Female,112-797-3899
101,Aleksandr,Zamora,azamora2s@dedecms.com,Bigender,805-478-6823
102,Weber,Mansion,wmansion2t@mapquest.com,Male,181-866-6278
103,Christa,Beautyman,cbeautyman2u@webnode.com,Agender,767-884-9489
104,Felizio,Okroy,fokroy2v@macromedia.com,Agender,170-851-7683
105,Robinetta,Begg,rbegg2w@diigo.com,Genderqueer,851-280-2084
106,Cissy,Hansard,chansard2x@aboutads.info,Non-binary,994-428-2610
107,Collette,Andri,candri2y@chron.com,Male,572-517-0983
108,Stephanus,Petrichat,spetrichat2z@mediafire.com,Male,543-100-8755
109,Sada,Pyle,spyle30@house.gov,Female,855-902-0036
110,Antonio,Pinwill,apinwill31@arizona.edu,Non-binary,697-798-0470
111,Bear,Petruska,bpetruska32@goo.ne.jp,Agender,229-291-8961
112,Aldrich,Concannon,aconcannon33@yandex.ru,Female,364-851-0712
113,Andre,Mimmack,amimmack34@nsw.gov.au,Male,143-384-2010
114,Del,Hartburn,dhartburn35@amazon.co.jp,Agender,573-918-4411
115,Jimmy,Durnell,jdurnell36@aboutads.info,Polygender,420-752-6515
116,Kain,Mandre,kmandre37@ebay.com,Polygender,630-750-3890
117,Nerty,Bolmann,nbolmann38@adobe.com,Genderqueer,966-750-7817
118,Meg,Northin,mnorthin39@t.co,Genderqueer,544-573-9904
119,Odelle,Vasiliev,ovasiliev3a@redcross.org,Male,522-688-6820
120,Ilene,Netherwood,inetherwood3b@ibm.com,Bigender,959-202-4600
121,Dallas,Leacock,dleacock3c@prlog.org,Genderqueer,862-471-3951
122,Matilde,Symington,msymington3d@intel.com,Non-binary,574-372-0884
123,Bartie,Hollier,bhollier3e@independent.co.uk,Genderfluid,660-325-7720
124,Allina,Haddinton,ahaddinton3f@wsj.com,Genderfluid,896-653-3522
125,Travis,Wheway,twheway3g@amazon.com,Polygender,351-671-9313
126,Roosevelt,Quartley,rquartley3h@diigo.com,Bigender,897-603-4468
127,Zolly,Buttner,zbuttner3i@gizmodo.com,Non-binary,297-541-1245
128,Westbrooke,Chatters,wchatters3j@sohu.com,Bigender,789-463-8669
129,Genia,Grimshaw,ggrimshaw3k@nytimes.com,Non-binary,597-996-7943
130,Benji,Oxburgh,boxburgh3l@ihg.com,Agender,685-247-4057
131,Jsandye,Luke,jluke3m@globo.com,Genderfluid,704-484-4623
132,Jasmina,Faragan,jfaragan3n@is.gd,Non-binary,314-999-2394
133,Elisabetta,Wootton,ewootton3o@acquirethisname.com,Non-binary,584-565-9745
134,Roseline,Meynell,rmeynell3p@yellowbook.com,Bigender,775-930-5424
135,Noble,Webland,nwebland3q@apple.com,Bigender,763-986-6127
136,Belicia,Terzo,bterzo3r@reuters.com,Genderqueer,336-958-7380
137,Buck,Habben,bhabben3s@aol.com,Bigender,913-858-3633
138,Eliza,Wainscoat,ewainscoat3t@t-online.de,Non-binary,674-361-9245
139,Kaylee,Goter,kgoter3u@nih.gov,Non-binary,796-286-4897
140,Kristen,Eastcourt,keastcourt3v@marketwatch.com,Non-binary,424-848-2172
141,Frannie,MacAskill,fmacaskill3w@cloudflare.com,Female,781-646-2686
142,Alexia,Hehnke,ahehnke3x@skype.com,Agender,462-802-8727
143,Saunders,Croysdale,scroysdale3y@ovh.net,Polygender,603-775-1254
144,Bartholemy,Ollarenshaw,bollarenshaw3z@home.pl,Female,694-688-2708
145,Linette,Burkman,lburkman40@ebay.co.uk,Bigender,665-203-0408
146,Tanhya,Sarsfield,tsarsfield41@ibm.com,Genderqueer,937-342-8792
147,Jaynell,Meere,jmeere42@chron.com,Polygender,396-742-7439
148,Carilyn,Gellier,cgellier43@myspace.com,Female,392-688-6529
149,Benedick,Laslett,blaslett44@joomla.org,Genderqueer,381-848-0756
150,Shelbi,Blumer,sblumer45@smh.com.au,Bigender,702-118-3568
151,Anastasie,Harfleet,aharfleet46@usnews.com,Genderfluid,325-999-6204
152,Ajay,Duberry,aduberry47@bbc.co.uk,Genderqueer,676-577-1398
153,Iosep,McCourtie,imccourtie48@theguardian.com,Female,849-593-9734
154,Marjy,Dennistoun,mdennistoun49@microsoft.com,Bigender,763-877-0045
155,Faun,Clutheram,fclutheram4a@businessweek.com,Agender,667-417-9922
156,Beilul,Binney,bbinney4b@npr.org,Genderfluid,406-802-6991
157,Audie,Itshak,aitshak4c@globo.com,Female,747-758-6703
158,Kimberley,Formoy,kformoy4d@tuttocitta.it,Polygender,606-246-6005
159,Eba,Tout,etout4e@paginegialle.it,Female,990-327-5599
160,Nick,Matevosian,nmatevosian4f@guardian.co.uk,Bigender,586-377-2584
161,Rudie,Ferentz,rferentz4g@eepurl.com,Genderqueer,487-821-8979
162,Patric,Ickovitz,pickovitz4h@google.fr,Agender,514-876-9608
163,Goldi,Rennicks,grennicks4i@redcross.org,Non-binary,553-511-6521
164,Eustacia,Dehmel,edehmel4j@wikipedia.org,Agender,414-599-6276
165,Garrett,Bumford,gbumford4k@ifeng.com,Non-binary,673-765-4000
166,Richie,Daviddi,rdaviddi4l@reverbnation.com,Genderqueer,311-581-7327
167,Noach,Sutter,nsutter4m@networkadvertising.org,Genderqueer,661-982-8967
168,Andriana,Speedin,aspeedin4n@godaddy.com,Polygender,976-855-4093
169,Melitta,Ajsik,majsik4o@ucla.edu,Non-binary,364-812-8527
170,Hedda,Francescoccio,hfrancescoccio4p@google.it,Genderqueer,132-409-8372
171,Alethea,Caudell,acaudell4q@kickstarter.com,Polygender,596-719-9789
172,Cordie,Mangeot,cmangeot4r@clickbank.net,Male,242-546-8633
173,Berna,Hammon,bhammon4s@sfgate.com,Genderfluid,436-721-8743
174,Kareem,Mullins,kmullins4t@mozilla.org,Genderqueer,803-637-2783
175,Sergei,Kleinerman,skleinerman4u@cdbaby.com,Bigender,620-542-8642
176,Nicole,Gabbitus,ngabbitus4v@hostgator.com,Genderqueer,405-340-7100
177,Debora,Altree,daltree4w@indiatimes.com,Genderqueer,269-608-4099
178,Batsheva,Steele,bsteele4x@friendfeed.com,Genderfluid,121-589-6092
179,Dasie,Reis,dreis4y@cam.ac.uk,Genderqueer,329-159-6544
180,Prissie,Dilrew,pdilrew4z@jalbum.net,Polygender,731-527-3453
181,Raphaela,Cansfield,rcansfield50@techcrunch.com,Female,302-665-0266
182,Stoddard,Maevela,smaevela51@microsoft.com,Female,806-414-8286
183,Melva,Fewlass,mfewlass52@imageshack.us,Agender,214-768-1065
184,Allsun,Worsalls,aworsalls53@google.com.hk,Non-binary,792-642-4410
185,Deana,Mc-Kerley,dmckerley54@google.com.au,Genderfluid,102-403-0750
186,Deanna,Fateley,dfateley55@latimes.com,Male,498-204-6995
187,Zolly,Segar,zsegar56@myspace.com,Genderqueer,617-306-7286
188,Olga,Ferry,oferry57@latimes.com,Polygender,200-803-8695
189,Fidole,Ortelt,fortelt58@dailymail.co.uk,Female,669-116-8513
190,Nolly,Matusov,nmatusov59@opensource.org,Non-binary,466-233-4283
191,Gregory,Balle,gballe5a@umn.edu,Bigender,819-693-4924
192,Cecilio,Speaks,cspeaks5b@independent.co.uk,Polygender,534-898-7503
193,Alan,Howden,ahowden5c@chron.com,Female,874-349-0965
194,Gerard,Dagworthy,gdagworthy5d@ocn.ne.jp,Bigender,223-956-5710
195,Monti,Belcher,mbelcher5e@google.com,Agender,475-365-1661
196,Bertie,Dressel,bdressel5f@free.fr,Non-binary,629-718-1260
197,Philippe,Swann,pswann5g@npr.org,Non-binary,834-719-3966
198,Tito,Cocksedge,tcocksedge5h@networkadvertising.org,Polygender,654-507-8548
199,Berny,Connow,bconnow5i@businessweek.com,Polygender,367-358-4656
200,Fons,Yaus,fyaus5j@networksolutions.com,Male,181-547-1972
201,Bab,Cocci,bcocci5k@senate.gov,Female,147-170-4555
202,Caressa,Sherebrooke,csherebrooke5l@chron.com,Genderfluid,738-154-9294
203,Andriette,Shelford,ashelford5m@netscape.com,Agender,507-905-3205
204,Karin,Golland,kgolland5n@newyorker.com,Genderfluid,795-885-1024
205,Rafael,Rosini,rrosini5o@google.com.hk,Agender,267-456-9537
206,Kerwin,Grunder,kgrunder5p@elpais.com,Non-binary,464-735-2505
207,Jarad,Troman,jtroman5q@edublogs.org,Polygender,637-378-5102
208,Drusilla,Fabri,dfabri5r@moonfruit.com,Genderqueer,270-851-2843
209,Thorpe,O'Growgane,togrowgane5s@wunderground.com,Non-binary,360-854-2939
210,Brandy,Isacke,bisacke5t@mashable.com,Genderfluid,519-345-2794
211,Rolf,Bernier,rbernier5u@domainmarket.com,Agender,943-179-9253
212,Jamill,Grzegorzewski,jgrzegorzewski5v@dion.ne.jp,Non-binary,376-457-2867
213,Daniele,Suttill,dsuttill5w@prnewswire.com,Agender,966-186-1565
214,Lexis,MacCome,lmaccome5x@zdnet.com,Bigender,860-872-5902
215,Marcelo,Monkeman,mmonkeman5y@mit.edu,Bigender,887-615-7324
216,Emilie,Phythien,ephythien5z@theatlantic.com,Genderqueer,964-627-8360
217,Marylee,Beccles,mbeccles60@elpais.com,Agender,563-923-2565
218,Ned,Steptow,nsteptow61@51.la,Genderfluid,986-965-5440
219,Fanchette,Tebbett,ftebbett62@utexas.edu,Genderfluid,847-414-5759
220,Sigrid,Laye,slaye63@prlog.org,Male,314-151-1619
221,Verena,Tretter,vtretter64@nbcnews.com,Non-binary,287-368-9007
222,Vicky,Sneyd,vsneyd65@deliciousdays.com,Male,208-898-2794
223,Shadow,Dosdale,sdosdale66@bizjournals.com,Genderfluid,895-486-7166
224,Federica,Dufton,fdufton67@usnews.com,Genderfluid,991-267-3399
225,Gates,Planque,gplanque68@hostgator.com,Genderqueer,551-311-3140
226,Ewell,Hamlen,ehamlen69@tripod.com,Male,614-529-6550
227,Bernadette,Dybald,bdybald6a@spiegel.de,Female,739-735-9023
228,Marijn,Sargent,msargent6b@uiuc.edu,Genderqueer,381-684-8948
229,Hermy,Tour,htour6c@myspace.com,Female,478-768-0319
230,Harper,Pascow,hpascow6d@ibm.com,Genderqueer,128-670-7800
231,Jaime,Rogerot,jrogerot6e@naver.com,Female,213-449-9268
232,Stevana,St. Aubyn,sstaubyn6f@topsy.com,Agender,815-857-2412
233,Sibby,Farrah,sfarrah6g@joomla.org,Polygender,531-385-4529
234,Cinda,Busse,cbusse6h@youtu.be,Polygender,479-628-6744
235,Ketti,Corsar,kcorsar6i@tuttocitta.it,Genderqueer,209-386-6677
236,Roda,Lehmann,rlehmann6j@oaic.gov.au,Agender,388-796-2668
237,Drusilla,Duding,dduding6k@harvard.edu,Genderqueer,470-388-7151
238,Glynis,Grealish,ggrealish6l@icio.us,Non-binary,958-647-9571
239,Anastasie,Hatrey,ahatrey6m@hugedomains.com,Agender,941-150-4887
240,Gerri,Eadmead,geadmead6n@desdev.cn,Agender,222-861-1132
241,Remy,Sprade,rsprade6o@creativecommons.org,Agender,736-491-9148
242,Sigismond,Brunicke,sbrunicke6p@engadget.com,Genderfluid,706-834-3530
243,Krissy,Petrasek,kpetrasek6q@examiner.com,Female,662-536-3006
244,Estella,Trevithick,etrevithick6r@tiny.cc,Genderfluid,760-135-7742
245,Clifford,Shailer,cshailer6s@tumblr.com,Male,152-439-2421
246,Luigi,Saket,lsaket6t@google.cn,Genderqueer,516-646-0221
247,Bobinette,Sauvan,bsauvan6u@bluehost.com,Bigender,640-208-0590
248,Herminia,Mitcheson,hmitcheson6v@t-online.de,Polygender,504-166-2477
249,Valera,Aldren,valdren6w@gmpg.org,Genderqueer,121-711-1338
250,Kaile,Elcy,kelcy6x@pinterest.com,Agender,161-342-3197
251,Duncan,Emmanueli,demmanueli6y@discovery.com,Non-binary,745-660-0886
252,Romona,Fernley,rfernley6z@printfriendly.com,Genderqueer,231-497-8442
253,Gerrard,Biggam,gbiggam70@multiply.com,Female,563-286-6896
254,Rudie,Petrashkov,rpetrashkov71@blogtalkradio.com,Polygender,488-240-7922
255,Melita,Diess,mdiess72@harvard.edu,Bigender,898-904-9888
256,Ulick,Kamien,ukamien73@bbc.co.uk,Genderfluid,776-417-4118
257,Audrie,Moyne,amoyne74@homestead.com,Agender,956-670-5090
258,Regine,D'Hooghe,rdhooghe75@nasa.gov,Female,783-935-5346
259,Shirline,Cortes,scortes76@alexa.com,Female,232-594-4736
260,Court,Peche,cpeche77@multiply.com,Genderfluid,816-343-1683
261,Charmain,Allsupp,callsupp78@plala.or.jp,Male,451-238-4233
262,Devin,Antoszewski,dantoszewski79@elegantthemes.com,Bigender,429-407-7614
263,Neilla,Pellamont,npellamont7a@fastcompany.com,Genderqueer,736-407-5417
264,Tracie,Arber,tarber7b@sourceforge.net,Agender,521-134-1413
265,Berny,Parkhouse,bparkhouse7c@mysql.com,Polygender,612-969-4528
266,Hedwig,Wagenen,hwagenen7d@slate.com,Bigender,116-135-2148
267,Odella,Regglar,oregglar7e@wikia.com,Female,716-753-8138
268,Fransisco,Simak,fsimak7f@pinterest.com,Non-binary,230-191-4859
269,Bronnie,Haslock(e),bhaslocke7g@theglobeandmail.com,Bigender,514-882-1781
270,Edita,Malbon,emalbon7h@chronoengine.com,Agender,527-514-9165
271,Fredric,Nary,fnary7i@intel.com,Genderfluid,570-502-4770
272,Whitaker,List,wlist7j@npr.org,Male,203-278-2506
273,Jandy,Mort,jmort7k@ask.com,Genderqueer,321-812-6119
274,Johnnie,Haldon,jhaldon7l@bing.com,Genderqueer,320-206-9585
275,Nadean,Francesconi,nfrancesconi7m@ycombinator.com,Female,148-478-2925
276,Esta,Devonald,edevonald7n@quantcast.com,Polygender,961-788-2025
277,Bartholomeus,Angric,bangric7o@squidoo.com,Female,843-108-0263
278,Woodie,Albin,walbin7p@archive.org,Polygender,235-316-9135
279,Julia,Kerfoot,jkerfoot7q@yandex.ru,Non-binary,415-442-7363
280,Brynna,Renner,brenner7r@amazon.com,Genderqueer,882-885-8837
281,Gabey,Spacie,gspacie7s@cocolog-nifty.com,Polygender,914-690-4250
282,Luther,Sharkey,lsharkey7t@dell.com,Male,838-277-7025
283,Yovonnda,Gyorgy,ygyorgy7u@moonfruit.com,Genderqueer,551-231-5199
284,Eliot,Carden,ecarden7v@smh.com.au,Male,780-904-4981
285,Westbrooke,Sacco,wsacco7w@ask.com,Non-binary,789-372-2479
286,Noble,Vogeller,nvogeller7x@bizjournals.com,Female,681-654-2020
287,Bruce,Gross,bgross7y@wikimedia.org,Bigender,807-613-6035
288,Russell,Vidloc,rvidloc7z@etsy.com,Genderfluid,112-942-1283
289,Davita,Allcoat,dallcoat80@google.de,Genderqueer,295-481-4260
290,Orson,Tolchard,otolchard81@columbia.edu,Genderfluid,143-918-6073
291,Marshal,Skeen,mskeen82@parallels.com,Polygender,340-120-3528
292,Dietrich,Elsop,delsop83@desdev.cn,Polygender,233-147-2826
293,Kerby,Keynes,kkeynes84@patch.com,Male,817-929-5987
294,Trula,Flaws,tflaws85@flickr.com,Genderqueer,159-806-7049
295,Turner,Aslin,taslin86@smugmug.com,Female,343-253-4133
296,Harley,Iley,hiley87@simplemachines.org,Female,672-480-1513
297,Aprilette,Mockes,amockes88@spiegel.de,Polygender,441-184-9755
298,Kaitlynn,Kiebes,kkiebes89@meetup.com,Bigender,398-731-1552
299,Em,Bastock,ebastock8a@clickbank.net,Genderfluid,279-280-4510
300,Elsi,McGuane,emcguane8b@bloglovin.com,Male,219-518-7122
301,Jilly,Thom,jthom8c@adobe.com,Polygender,831-608-9013
302,Phyllis,Poultney,ppoultney8d@liveinternet.ru,Bigender,400-357-8938
303,Eleanor,Cockshoot,ecockshoot8e@sina.com.cn,Polygender,680-522-9484
304,Yorgo,Alessandrucci,yalessandrucci8f@google.it,Bigender,486-429-5597
305,Douglas,Friett,dfriett8g@is.gd,Non-binary,551-284-5958
306,Adoree,Francino,afrancino8h@vk.com,Bigender,264-186-4571
307,Darill,Goodrum,dgoodrum8i@cbc.ca,Bigender,750-318-8964
308,Helene,Chevalier,hchevalier8j@jigsy.com,Agender,470-324-0532
309,Lucais,Lambertazzi,llambertazzi8k@bloglines.com,Male,206-582-3529
310,Val,Shearmur,vshearmur8l@wiley.com,Bigender,405-371-4030
311,Latashia,Gumey,lgumey8m@webnode.com,Genderqueer,601-197-9489
312,Blane,Seakings,bseakings8n@statcounter.com,Genderqueer,991-484-0151
313,Alejoa,Rattery,arattery8o@addthis.com,Genderfluid,460-332-5138
314,Korie,Godmar,kgodmar8p@businessweek.com,Genderqueer,478-368-6803
315,Blondelle,Merigeau,bmerigeau8q@cnbc.com,Genderfluid,988-512-3270
316,Shaun,Haley,shaley8r@virginia.edu,Genderqueer,447-819-1998
317,Leupold,Vittori,lvittori8s@omniture.com,Genderqueer,992-779-0420
318,Horten,Martignoni,hmartignoni8t@sogou.com,Genderfluid,492-424-0495
319,Giselle,Viner,gviner8u@cornell.edu,Agender,561-262-2822
320,Bren,Danilov,bdanilov8v@ucla.edu,Polygender,777-827-5847
321,Courtney,Radford,cradford8w@eepurl.com,Genderqueer,187-737-3676
322,Georgine,Raccio,graccio8x@blogs.com,Male,468-207-9746
323,Micheline,Janaud,mjanaud8y@upenn.edu,Genderfluid,383-576-6361
324,Darcy,Filimore,dfilimore8z@cnn.com,Male,314-430-5043
325,Mil,Spiers,mspiers90@independent.co.uk,Genderqueer,202-243-8205
326,Cob,Sachno,csachno91@sourceforge.net,Genderfluid,608-720-6082
327,Fran,Sibborn,fsibborn92@parallels.com,Polygender,323-726-0256
328,Ammamaria,Caudelier,acaudelier93@google.com,Agender,706-395-2850
329,Kaylil,Fadian,kfadian94@ucla.edu,Female,380-854-8990
330,Nicolle,O'Flaverty,noflaverty95@microsoft.com,Genderfluid,360-808-0097
331,Astrix,Shepperd,ashepperd96@time.com,Bigender,860-566-4829
332,Panchito,Spenceley,pspenceley97@flavors.me,Agender,550-313-7991
333,Ginnie,Claus,gclaus98@symantec.com,Genderfluid,680-916-2539
334,Jenna,Merrall,jmerrall99@opera.com,Polygender,991-648-3256
335,Godard,Buzin,gbuzin9a@twitter.com,Genderqueer,154-649-0441
336,Niles,Christy,nchristy9b@nps.gov,Genderfluid,233-172-6823
337,Wendi,Cuming,wcuming9c@jiathis.com,Female,210-162-5897
338,Elissa,Tubby,etubby9d@techcrunch.com,Genderqueer,391-429-1563
339,Gwenora,Maybury,gmaybury9e@ted.com,Male,294-114-5665
340,Morry,Ling,mling9f@360.cn,Male,861-560-0815
341,Lamond,Verty,lverty9g@people.com.cn,Male,421-620-7356
342,Alysa,Richardon,arichardon9h@livejournal.com,Agender,833-792-3672
343,Nerita,Cleobury,ncleobury9i@scientificamerican.com,Polygender,810-166-8296
344,Jenn,Bedingfield,jbedingfield9j@blinklist.com,Female,303-131-2632
345,Fitzgerald,Beacom,fbeacom9k@accuweather.com,Bigender,281-792-1608
346,Averell,Vedekhin,avedekhin9l@1688.com,Polygender,615-752-9958
347,Bethena,Chennells,bchennells9m@cnbc.com,Genderfluid,752-574-9267
348,Wilt,Tavernor,wtavernor9n@edublogs.org,Genderfluid,681-514-5659
349,Marcelo,Paffitt,mpaffitt9o@eepurl.com,Female,302-797-2050
350,Redd,Mannagh,rmannagh9p@admin.ch,Male,108-541-7430
351,Cherri,Chainey,cchainey9q@artisteer.com,Non-binary,333-835-4571
352,Babbette,Didball,bdidball9r@blogger.com,Genderfluid,702-676-8321
353,Allsun,Dornin,adornin9s@wordpress.org,Genderqueer,920-474-8494
354,Camilla,Mariyushkin,cmariyushkin9t@auda.org.au,Bigender,620-397-5505
355,Garret,Kershaw,gkershaw9u@angelfire.com,Genderfluid,472-994-2036
356,Zebulon,Stanworth,zstanworth9v@google.ru,Male,407-818-1582
357,Guillemette,Lorentzen,glorentzen9w@storify.com,Male,272-941-4286
358,Chere,Maciocia,cmaciocia9x@amazon.co.jp,Female,134-840-5497
359,Rinaldo,Fazakerley,rfazakerley9y@umich.edu,Polygender,375-217-1896
360,Toiboid,Whittles,twhittles9z@chron.com,Genderfluid,431-719-9269
361,Phyllida,Wibberley,pwibberleya0@indiatimes.com,Bigender,756-241-2581
362,Gerard,Durtnal,gdurtnala1@admin.ch,Polygender,302-464-7459
363,Guinna,Olivi,golivia2@gnu.org,Genderfluid,509-946-1861
364,Obie,Elwood,oelwooda3@guardian.co.uk,Non-binary,736-839-1268
365,Findlay,Marsden,fmarsdena4@businessweek.com,Genderqueer,372-174-1019
366,Mireille,Bonhome,mbonhomea5@mozilla.org,Genderfluid,110-601-4723
367,Harriot,Sprules,hsprulesa6@e-recht24.de,Genderfluid,369-874-2131
368,Adolphus,Hundall,ahundalla7@addthis.com,Female,466-159-5782
369,Nehemiah,Izzett,nizzetta8@com.com,Female,564-425-0741
370,Diarmid,Tattersall,dtattersalla9@sakura.ne.jp,Polygender,420-842-9818
371,Sargent,Braun,sbraunaa@rambler.ru,Non-binary,789-461-4080
372,Cam,Miners,cminersab@cargocollective.com,Female,336-926-9012
373,Lanni,Capelle,lcapelleac@fastcompany.com,Genderqueer,680-999-9079
374,Misti,MacCallum,mmaccallumad@yellowbook.com,Agender,337-510-9397
375,Lynde,Dand,ldandae@usnews.com,Bigender,255-660-1506
376,Mollee,Horsey,mhorseyaf@youtube.com,Female,626-557-4824
377,Brion,Marrion,bmarrionag@senate.gov,Male,758-599-8198
378,Laureen,Russan,lrussanah@ebay.co.uk,Bigender,314-390-9276
379,Angel,Booth-Jarvis,aboothjarvisai@ehow.com,Female,562-779-3947
380,Jeni,Impett,jimpettaj@dailymail.co.uk,Polygender,105-878-0975
381,Garvin,Fredi,gfrediak@instagram.com,Male,962-615-4282
382,Kenyon,Axby,kaxbyal@prlog.org,Non-binary,442-273-0595
383,Diena,Rosendahl,drosendahlam@yahoo.co.jp,Polygender,692-560-2184
384,Dyna,Speechly,dspeechlyan@yolasite.com,Polygender,203-906-9006
385,Micky,Lippitt,mlippittao@creativecommons.org,Bigender,762-265-6495
386,Cherice,Gligoraci,cgligoraciap@tiny.cc,Female,151-589-9944
387,Brok,Neasam,bneasamaq@nps.gov,Agender,264-915-6426
388,Janka,Royds,jroydsar@meetup.com,Non-binary,670-325-4558
389,Mort,Kainz,mkainzas@goo.ne.jp,Bigender,765-673-9316
390,Aubrey,Wehden,awehdenat@squarespace.com,Male,946-416-9715
391,Woody,Nickels,wnickelsau@godaddy.com,Genderfluid,432-579-0411
392,Ethelin,Cavaney,ecavaneyav@imageshack.us,Non-binary,550-472-1927
393,Izak,Spellecy,ispellecyaw@angelfire.com,Bigender,176-465-8558
394,Georges,Yesson,gyessonax@163.com,Female,407-918-5046
395,Tyne,Seedhouse,tseedhouseay@digg.com,Agender,827-875-6953
396,June,Manssuer,jmanssueraz@squidoo.com,Genderfluid,367-946-1815
397,Judd,Michael,jmichaelb0@reference.com,Genderqueer,325-659-5526
398,Dru,Newberry,dnewberryb1@nationalgeographic.com,Genderfluid,277-232-1308
399,Gilemette,Thal,gthalb2@privacy.gov.au,Non-binary,726-136-1930
400,Myrah,Feige,mfeigeb3@miibeian.gov.cn,Male,214-180-6770
401,Kat,Probat,kprobatb4@uol.com.br,Female,881-190-6055
402,Sebastiano,Langstone,slangstoneb5@vkontakte.ru,Agender,447-106-9728
403,Ring,Yakunikov,ryakunikovb6@gmpg.org,Agender,152-871-8285
404,Debor,Chatan,dchatanb7@posterous.com,Genderfluid,727-999-5645
405,Nobie,Snooks,nsnooksb8@mayoclinic.com,Female,991-953-8918
406,Idell,O'Loughlin,ioloughlinb9@nydailynews.com,Female,817-578-5091
407,Care,Edy,cedyba@kickstarter.com,Polygender,805-931-9895
408,Salli,Fleckness,sflecknessbb@vkontakte.ru,Female,921-995-0630
409,Cortney,Kolis,ckolisbc@blogs.com,Male,916-724-1356
410,Lelia,Erik,lerikbd@fema.gov,Bigender,702-776-3451
411,Brigg,Capel,bcapelbe@domainmarket.com,Bigender,769-473-7688
412,Enriqueta,Giannoni,egiannonibf@time.com,Bigender,756-577-8733
413,Fabe,Bavin,fbavinbg@mac.com,Bigender,343-627-7796
414,Dori,Gherardesci,dgherardescibh@tamu.edu,Non-binary,575-328-9298
415,Park,Twinn,ptwinnbi@yolasite.com,Polygender,858-888-9699
416,Katuscha,Jewiss,kjewissbj@google.ca,Non-binary,626-302-7237
417,Osgood,Stoter,ostoterbk@livejournal.com,Polygender,874-516-4980
418,Danny,Avo,davobl@joomla.org,Genderfluid,537-306-1833
419,Vachel,Torritti,vtorrittibm@newyorker.com,Female,972-581-7781
420,Germaine,Hugh,ghughbn@ameblo.jp,Bigender,232-594-9539
421,Carmel,Elderton,celdertonbo@discovery.com,Female,744-611-3911
422,Una,Leveridge,uleveridgebp@discuz.net,Genderqueer,376-665-7859
423,Teodor,Sellar,tsellarbq@ted.com,Non-binary,122-319-2620
424,Alice,Collinwood,acollinwoodbr@seesaa.net,Female,935-523-4921
425,Rickie,Annis,rannisbs@netscape.com,Agender,247-345-3366
426,Laetitia,Croson,lcrosonbt@dot.gov,Polygender,184-624-1172
427,Lesley,Keasey,lkeaseybu@harvard.edu,Non-binary,372-945-9995
428,Kingsly,Titley,ktitleybv@furl.net,Polygender,950-810-6934
429,Kathi,Brobyn,kbrobynbw@booking.com,Polygender,764-655-0086
430,Bernhard,Escalante,bescalantebx@go.com,Genderqueer,712-763-2109
431,Darrin,Cranston,dcranstonby@drupal.org,Genderfluid,380-848-4760
432,Bert,Tytterton,btyttertonbz@bravesites.com,Genderqueer,169-751-1161
433,Joanne,Poulter,jpoulterc0@ted.com,Non-binary,690-612-8248
434,Mitzi,Safhill,msafhillc1@myspace.com,Non-binary,179-264-9238
435,Saxe,Farden,sfardenc2@disqus.com,Agender,524-635-1556
436,Maximilian,Fidell,mfidellc3@globo.com,Agender,230-655-9619
437,Vachel,Chaudron,vchaudronc4@wp.com,Non-binary,538-119-0113
438,Pearle,Conboy,pconboyc5@toplist.cz,Male,151-297-6704
439,Katine,McLeoid,kmcleoidc6@nbcnews.com,Genderfluid,155-902-3552
440,Auroora,Dessant,adessantc7@timesonline.co.uk,Bigender,772-662-1618
441,Courtnay,Wanne,cwannec8@blinklist.com,Agender,118-720-6299
442,Benoit,Hartwright,bhartwrightc9@earthlink.net,Non-binary,642-267-7061
443,Emalia,Hafford,ehaffordca@flickr.com,Polygender,280-474-6022
444,Felicia,Tees,fteescb@sakura.ne.jp,Female,685-251-9736
445,Iggy,Ervin,iervincc@nydailynews.com,Non-binary,231-660-5106
446,Robby,McCormick,rmccormickcd@ustream.tv,Female,707-272-6422
447,Selle,Ingon,singonce@seesaa.net,Agender,840-605-8722
448,Neill,Turvie,nturviecf@imgur.com,Non-binary,652-396-1216
449,Rudolph,Aireton,rairetoncg@scientificamerican.com,Non-binary,734-384-1453
450,Micki,Vannuccini,mvannuccinich@sohu.com,Genderqueer,694-991-0001
451,Michal,Purvis,mpurvisci@dedecms.com,Agender,205-754-8141
452,Maximilianus,Loyndon,mloyndoncj@nsw.gov.au,Polygender,849-304-2668
453,Graeme,Kellar,gkellarck@vkontakte.ru,Non-binary,897-764-3900
454,Alanah,Gartan,agartancl@census.gov,Non-binary,339-849-2007
455,Polly,Jencey,pjenceycm@nymag.com,Non-binary,469-777-6162
456,Gardy,Mandifield,gmandifieldcn@pagesperso-orange.fr,Agender,754-123-6328
457,Hyatt,Churm,hchurmco@msn.com,Genderfluid,424-299-3284
458,Brennan,Scales,bscalescp@harvard.edu,Bigender,508-940-2663
459,Roosevelt,Jekel,rjekelcq@cmu.edu,Genderqueer,487-734-2888
460,Borden,Geraud,bgeraudcr@weebly.com,Genderfluid,100-258-1069
461,Reina,Foskin,rfoskincs@comsenz.com,Polygender,826-435-8447
462,Rebekkah,Burnsyde,rburnsydect@wikia.com,Female,598-897-6927
463,Ignacio,Lordon,ilordoncu@eventbrite.com,Genderqueer,525-110-4997
464,Alexander,Kruszelnicki,akruszelnickicv@wired.com,Male,979-759-3476
465,Erminia,Kingsnoad,ekingsnoadcw@parallels.com,Genderfluid,251-294-2756
466,Royce,Quye,rquyecx@list-manage.com,Polygender,303-137-3977
467,Dorie,Masser,dmassercy@pen.io,Polygender,606-429-6216
468,Rodolfo,Sopp,rsoppcz@un.org,Non-binary,966-267-8862
469,Tallie,Maneylaws,tmaneylawsd0@joomla.org,Non-binary,104-308-1755
470,Gwenore,Stirton,gstirtond1@cpanel.net,Agender,996-338-9113
471,Matilde,Voysey,mvoyseyd2@un.org,Agender,163-514-6787
472,Elsi,Durtnall,edurtnalld3@shop-pro.jp,Female,359-332-3171
473,Babbie,Pennock,bpennockd4@seattletimes.com,Non-binary,361-493-5749
474,Giraldo,McFeate,gmcfeated5@wordpress.org,Genderfluid,172-441-6058
475,Sadie,Jansie,sjansied6@google.com.br,Bigender,214-640-6088
476,Mathilda,Ianitti,mianittid7@livejournal.com,Male,887-297-0055
477,Karia,Hanham,khanhamd8@chronoengine.com,Agender,838-613-3732
478,Roselia,Huguet,rhuguetd9@reuters.com,Polygender,513-326-6508
479,Netti,Crosser,ncrosserda@reuters.com,Polygender,393-508-7480
480,Chrissy,Hambling,chamblingdb@samsung.com,Male,880-395-7953
481,Gelya,Gyer,ggyerdc@xinhuanet.com,Bigender,246-891-7271
482,Kay,Duns,kdunsdd@thetimes.co.uk,Male,769-419-4331
483,Janith,Langcastle,jlangcastlede@examiner.com,Genderfluid,760-318-4178
484,Babbie,Matovic,bmatovicdf@themeforest.net,Polygender,139-444-2619
485,Bearnard,Guyers,bguyersdg@scribd.com,Non-binary,522-136-1486
486,Geraldine,Uglow,guglowdh@constantcontact.com,Genderfluid,309-654-3980
487,Kayla,Hillett,khillettdi@facebook.com,Bigender,265-543-8210
488,Dani,Elie,deliedj@nps.gov,Genderfluid,877-123-9264
489,Mira,Otto,mottodk@abc.net.au,Male,604-895-3166
490,Ernesto,Smitten,esmittendl@unblog.fr,Polygender,981-411-1653
491,Kahlil,Gyde,kgydedm@about.com,Polygender,367-571-2693
492,Lorelei,Wonfar,lwonfardn@japanpost.jp,Polygender,189-392-7469
493,Winnah,McWhan,wmcwhando@usgs.gov,Genderqueer,313-513-6233
494,Moselle,Coskerry,mcoskerrydp@elpais.com,Non-binary,197-638-2627
495,Nataline,Mahedy,nmahedydq@zdnet.com,Non-binary,427-364-5717
496,Harmonie,Roistone,hroistonedr@sourceforge.net,Bigender,323-285-8026
497,Marge,Ramalho,mramalhods@usatoday.com,Female,465-354-3289
498,Dyann,O'Lenechan,dolenechandt@example.com,Non-binary,396-504-4499
499,Eva,Shapcott,eshapcottdu@rediff.com,Female,556-368-2986
500,Kayne,Vella,kvelladv@bluehost.com,Polygender,796-909-5851
501,Russell,Jaumet,rjaumetdw@samsung.com,Genderqueer,360-302-5127
502,Nefen,Shingles,nshinglesdx@cornell.edu,Agender,587-429-5688
503,Bern,Ayre,bayredy@state.tx.us,Bigender,577-244-3293
504,Darla,Mercey,dmerceydz@amazon.de,Agender,127-949-2050
505,Letizia,Smallpiece,lsmallpiecee0@desdev.cn,Female,945-444-2996
506,Wileen,Lyfield,wlyfielde1@independent.co.uk,Female,161-650-5679
507,Olivier,Finlayson,ofinlaysone2@wufoo.com,Genderqueer,676-270-6142
508,Hamid,Conybear,hconybeare3@cbc.ca,Female,951-811-1206
509,Reade,Jeffree,rjeffreee4@phoca.cz,Genderfluid,515-838-8086
510,Hirsch,Cherryman,hcherrymane5@netlog.com,Female,797-565-2103
511,Farleigh,Terbeck,fterbecke6@boston.com,Female,297-118-6890
512,Sophi,Rillstone,srillstonee7@wisc.edu,Genderfluid,322-916-5330
513,Walther,Stollberg,wstollberge8@discuz.net,Non-binary,634-327-0014
514,Flory,Bernhardsson,fbernhardssone9@adobe.com,Agender,453-194-8993
515,Ronda,Gillott,rgillottea@instagram.com,Male,355-921-6422
516,Rebecca,Tuohy,rtuohyeb@census.gov,Genderfluid,612-343-1806
517,Vivyanne,Benedicto,vbenedictoec@ycombinator.com,Female,997-457-8182
518,Dev,Caunt,dcaunted@pen.io,Non-binary,397-130-3478
519,Erhard,Mapplethorpe,emapplethorpeee@baidu.com,Genderfluid,366-983-6323
520,Lurette,Learie,llearieef@cam.ac.uk,Genderfluid,853-416-4999
521,Lisabeth,Warman,lwarmaneg@google.cn,Bigender,293-737-8241
522,Sergio,Gealy,sgealyeh@surveymonkey.com,Non-binary,257-984-9753
523,Akim,Cryer,acryerei@ow.ly,Genderfluid,856-285-9672
524,Blake,Casement,bcasementej@ftc.gov,Genderqueer,585-316-4997
525,Emery,Spurret,espurretek@wired.com,Female,216-239-6937
526,Twyla,Napolitano,tnapolitanoel@usda.gov,Genderfluid,334-258-3378
527,Cherie,Klosa,cklosaem@admin.ch,Genderfluid,157-816-7938
528,Germaine,MacFadzean,gmacfadzeanen@noaa.gov,Agender,747-970-3712
529,Teresa,Buston,tbustoneo@amazon.com,Agender,898-252-0863
530,Kyle,McWhorter,kmcwhorterep@drupal.org,Male,427-666-9092
531,Kristopher,Caldroni,kcaldronieq@europa.eu,Male,171-598-1522
532,Kennith,O'Scanlon,koscanloner@sakura.ne.jp,Female,983-280-6014
533,Moritz,Autrie,mautriees@apache.org,Agender,778-903-4613
534,Esme,Whiteson,ewhitesonet@goodreads.com,Genderqueer,206-875-6939
535,Aaron,Mattheeuw,amattheeuweu@godaddy.com,Polygender,587-228-8583
536,Sheridan,Olle,solleev@deliciousdays.com,Non-binary,409-333-8170
537,Kitty,Jurisch,kjurischew@g.co,Female,882-496-7604
538,Henrik,Gleeson,hgleesonex@google.com.hk,Polygender,692-292-6683
539,Carson,Teas,cteasey@youku.com,Agender,380-725-2196
540,Rosaleen,Matussow,rmatussowez@networkadvertising.org,Polygender,261-536-4135
541,Vaughan,Klimkowski,vklimkowskif0@epa.gov,Bigender,285-787-3715
542,Simone,Follan,sfollanf1@omniture.com,Female,999-201-2251
543,Luce,Renihan,lrenihanf2@baidu.com,Genderfluid,824-834-2111
544,Ronna,Storck,rstorckf3@ft.com,Bigender,315-755-8669
545,Doyle,Glandfield,dglandfieldf4@techcrunch.com,Non-binary,761-674-8325
546,Ebenezer,Martusewicz,emartusewiczf5@addtoany.com,Agender,141-789-4647
547,Claudina,Crolly,ccrollyf6@amazonaws.com,Genderqueer,412-935-0676
548,Raina,Spykings,rspykingsf7@usda.gov,Genderqueer,241-712-1541
549,Chester,Chastney,cchastneyf8@who.int,Male,506-356-3497
550,Merridie,Ford,mfordf9@npr.org,Female,258-725-6717
551,Mufi,Houson,mhousonfa@sciencedaily.com,Male,309-154-8472
552,Jasmine,Caskey,jcaskeyfb@yandex.ru,Non-binary,325-305-8121
553,Tiff,Leatherland,tleatherlandfc@tripadvisor.com,Genderqueer,114-403-6986
554,Simmonds,Yarranton,syarrantonfd@blinklist.com,Bigender,823-534-2528
555,Thurstan,Ritter,tritterfe@walmart.com,Non-binary,258-802-2924
556,Linea,Papachristophorou,lpapachristophorouff@bbb.org,Bigender,482-994-8579
557,Deck,Finn,dfinnfg@smugmug.com,Genderqueer,681-274-8215
558,Dario,Beauchamp,dbeauchampfh@yahoo.com,Genderqueer,321-103-4233
559,Ysabel,Duthy,yduthyfi@photobucket.com,Polygender,992-871-2870
560,Ludwig,Basillon,lbasillonfj@hc360.com,Agender,568-145-8913
561,Madalena,Brailsford,mbrailsfordfk@i2i.jp,Female,967-232-9449
562,Maurizia,Toward,mtowardfl@hp.com,Polygender,789-369-1937
563,Annamarie,Ganter,aganterfm@adobe.com,Bigender,188-464-0342
564,Noll,Petrello,npetrellofn@google.com,Agender,586-317-9401
565,Traci,Mort,tmortfo@goo.gl,Female,415-231-8451
566,Raychel,Sirl,rsirlfp@howstuffworks.com,Male,910-644-4319
567,Tasha,Slixby,tslixbyfq@studiopress.com,Polygender,559-984-7901
568,Tully,Giannassi,tgiannassifr@sfgate.com,Genderfluid,640-601-8335
569,Eda,Obert,eobertfs@cargocollective.com,Non-binary,541-945-7998
570,Alix,Darell,adarellft@pbs.org,Male,677-424-3713
571,Bartholemy,Flott,bflottfu@xing.com,Non-binary,456-514-7128
572,Burt,Tomenson,btomensonfv@etsy.com,Non-binary,928-119-3281
573,Aldo,Kittle,akittlefw@cnbc.com,Bigender,915-147-0833
574,Silvan,McKearnen,smckearnenfx@auda.org.au,Genderqueer,987-686-6800
575,Tara,Dominichelli,tdominichellify@goo.gl,Bigender,201-537-8886
576,Abra,Inglese,ainglesefz@virginia.edu,Male,942-176-5223
577,Desmond,Biggadyke,dbiggadykeg0@amazon.co.jp,Bigender,489-130-8412
578,Alick,MacGuiness,amacguinessg1@nationalgeographic.com,Polygender,201-903-9152
579,Hamil,Dubble,hdubbleg2@gov.uk,Polygender,652-537-7084
580,Vinni,Ghidini,vghidinig3@exblog.jp,Polygender,615-643-1877
581,Christa,Stode,cstodeg4@bizjournals.com,Non-binary,962-422-7267
582,Vernor,Simionescu,vsimionescug5@delicious.com,Bigender,151-300-3317
583,Dannie,Burgess,dburgessg6@blogtalkradio.com,Male,387-972-3917
584,Gene,Aronin,garoning7@msn.com,Genderfluid,775-500-2364
585,Edvard,Iacoboni,eiacobonig8@mtv.com,Male,517-813-0517
586,Gardner,Schoenfisch,gschoenfischg9@rambler.ru,Agender,372-104-6490
587,Giralda,Tranckle,gtrancklega@ftc.gov,Bigender,261-671-7197
588,Wilbert,Inchley,winchleygb@e-recht24.de,Female,944-584-7876
589,Jecho,Wormell,jwormellgc@163.com,Bigender,140-168-3289
590,Addie,Arnli,aarnligd@drupal.org,Male,675-425-4420
591,Parsifal,Hinchon,phinchonge@liveinternet.ru,Female,949-331-4815
592,Consolata,Brumfield,cbrumfieldgf@t-online.de,Bigender,407-438-7445
593,Ingaborg,Speers,ispeersgg@princeton.edu,Non-binary,657-547-4077
594,Faina,Caruth,fcaruthgh@biblegateway.com,Genderfluid,752-911-1879
595,Dusty,Diemer,ddiemergi@youtube.com,Polygender,873-511-9069
596,Julianne,Scyner,jscynergj@paypal.com,Bigender,741-625-2813
597,Clarisse,Tomblett,ctomblettgk@ustream.tv,Genderfluid,610-978-2002
598,Silvester,Stelfax,sstelfaxgl@google.com.hk,Bigender,378-134-7948
599,Alysia,Shrimpling,ashrimplinggm@oaic.gov.au,Bigender,617-283-3520
600,Cristin,Saundercock,csaundercockgn@yahoo.com,Male,205-136-2838
601,Karylin,Opy,kopygo@whitehouse.gov,Agender,609-512-1469
602,Shanie,Kunes,skunesgp@digg.com,Non-binary,145-312-8341
603,Jacquelin,Sugge,jsuggegq@fema.gov,Genderfluid,683-722-6120
604,Katherina,Trippett,ktrippettgr@studiopress.com,Male,690-482-8145
605,Renard,Musk,rmuskgs@chron.com,Genderfluid,404-479-7599
606,Aldrich,Cumberlidge,acumberlidgegt@china.com.cn,Genderfluid,475-119-1501
607,Tomasine,Brussell,tbrussellgu@bluehost.com,Polygender,190-386-1288
608,Jed,Lorman,jlormangv@princeton.edu,Male,911-232-0402
609,Malva,Easson,meassongw@weebly.com,Genderfluid,432-575-5814
610,Caryl,Cookman,ccookmangx@google.nl,Genderfluid,606-631-8576
611,Gwendolin,Cran,gcrangy@google.com.au,Genderfluid,819-299-3448
612,Camey,Chugg,cchugggz@craigslist.org,Agender,225-909-0605
613,Dacie,Manes,dmanesh0@163.com,Female,638-792-3483
614,Christina,Manssuer,cmanssuerh1@jiathis.com,Genderqueer,202-906-6052
615,Flora,Skellon,fskellonh2@addtoany.com,Polygender,553-878-7386
616,Elsa,Kinlock,ekinlockh3@nydailynews.com,Polygender,332-509-4030
617,Joseph,Sciusscietto,jsciussciettoh4@imdb.com,Non-binary,784-293-9373
618,Umberto,Cowsby,ucowsbyh5@purevolume.com,Polygender,820-891-3422
619,Keen,Kennham,kkennhamh6@berkeley.edu,Non-binary,835-485-9518
620,Dionisio,McMylor,dmcmylorh7@last.fm,Bigender,546-367-8855
621,Sullivan,Speares,sspearesh8@craigslist.org,Non-binary,462-763-7411
622,Danika,Zaniolini,dzaniolinih9@simplemachines.org,Bigender,536-350-8625
623,Christoforo,Cowl,ccowlha@cornell.edu,Genderqueer,531-478-2102
624,Meg,Hairsine,mhairsinehb@mozilla.com,Male,541-176-7127
625,Britteny,Piechnik,bpiechnikhc@pbs.org,Agender,727-774-7767
626,Salim,Trainer,strainerhd@fc2.com,Agender,461-957-7828
627,Cordy,Offill,coffillhe@sciencedirect.com,Bigender,733-290-4349
628,Lynnell,Pritty,lprittyhf@reverbnation.com,Polygender,368-966-4250
629,Chrisse,Frobisher,cfrobisherhg@ycombinator.com,Agender,658-341-3307
630,Keen,Ewenson,kewensonhh@statcounter.com,Polygender,429-962-9674
631,Myrtle,Shippard,mshippardhi@flickr.com,Male,719-756-0029
632,Rowan,Zannuto,rzannutohj@de.vu,Male,606-252-1584
633,Bryant,Hughlin,bhughlinhk@liveinternet.ru,Male,595-175-3696
634,Maggi,Hattersley,mhattersleyhl@comsenz.com,Male,574-379-0363
635,Fiorenze,Redrup,fredruphm@purevolume.com,Agender,877-865-6728
636,Elfrida,Campling,ecamplinghn@jimdo.com,Genderfluid,399-111-3291
637,Reggi,Folbigg,rfolbiggho@bloglovin.com,Non-binary,691-689-2399
638,Burnard,Marques,bmarqueshp@w3.org,Genderqueer,455-195-3039
639,Roana,Clewlow,rclewlowhq@flickr.com,Genderqueer,557-660-7671
640,Kiel,Verner,kvernerhr@wordpress.com,Genderfluid,773-454-5567
641,Leisha,Goodayle,lgoodaylehs@japanpost.jp,Genderqueer,118-635-6232
642,Eadie,Pressland,epresslandht@reuters.com,Genderfluid,402-853-5693
643,Arch,Huff,ahuffhu@aol.com,Male,341-654-6496
644,Ezequiel,Hann,ehannhv@google.fr,Female,999-658-7181
645,Armin,Wrixon,awrixonhw@geocities.jp,Bigender,168-347-0746
646,Engracia,Hug,ehughx@chronoengine.com,Male,652-491-3025
647,Aundrea,Overland,aoverlandhy@ovh.net,Genderfluid,763-802-7280
648,Evelyn,Hassett,ehassetthz@apache.org,Genderfluid,108-289-6027
649,Michaella,Gumley,mgumleyi0@unblog.fr,Agender,224-912-8541
650,Innis,Dillicate,idillicatei1@list-manage.com,Genderqueer,364-413-5506
651,Andie,Berni,abernii2@ifeng.com,Agender,460-761-4125
652,Chic,Meiklem,cmeiklemi3@nationalgeographic.com,Female,577-880-6296
653,Christy,Ginglell,cginglelli4@a8.net,Genderqueer,437-747-4413
654,Kari,Baugham,kbaughami5@behance.net,Genderqueer,371-778-4479
655,Akim,Littlejohn,alittlejohni6@jimdo.com,Genderfluid,598-944-2732
656,Claudina,Pietrzyk,cpietrzyki7@japanpost.jp,Bigender,469-364-7261
657,Garek,Craxford,gcraxfordi8@printfriendly.com,Female,800-527-7826
658,Constanta,Corness,ccornessi9@biglobe.ne.jp,Female,265-624-3003
659,Betsey,Davidov,bdavidovia@timesonline.co.uk,Female,940-290-2994
660,Kim,Lydiard,klydiardib@feedburner.com,Agender,592-341-6217
661,Dori,Haveline,dhavelineic@trellian.com,Agender,564-783-6316
662,Tedie,Jest,tjestid@friendfeed.com,Non-binary,612-793-4324
663,Lynnell,Unger,lungerie@hao123.com,Genderfluid,670-832-5144
664,Dorotea,Woods,dwoodsif@dedecms.com,Female,529-800-3067
665,Dew,Endricci,dendricciig@marriott.com,Agender,867-621-1274
666,Bertha,Skirving,bskirvingih@microsoft.com,Male,280-403-6829
667,Hanson,Swinn,hswinnii@samsung.com,Non-binary,801-528-9528
668,Katherine,Cribbins,kcribbinsij@bing.com,Polygender,749-245-1109
669,Phip,Woolmington,pwoolmingtonik@wufoo.com,Agender,982-328-0291
670,Darya,Brogi,dbrogiil@phpbb.com,Female,396-265-1020
671,Skye,Schuster,sschusterim@sfgate.com,Agender,864-222-4907
672,Sigvard,Checkley,scheckleyin@craigslist.org,Male,133-365-9356
673,Starlene,Ferier,sferierio@sogou.com,Male,304-739-5965
674,Quinton,Sowrey,qsowreyip@soup.io,Male,867-915-9786
675,Mahmoud,Frugier,mfrugieriq@i2i.jp,Bigender,287-438-9064
676,Hewet,Manus,hmanusir@github.com,Polygender,462-955-4918
677,Linnie,Christaeas,lchristaeasis@vistaprint.com,Male,562-454-4703
678,Ewell,Popplewell,epopplewellit@nps.gov,Non-binary,563-750-2600
679,Doralynn,Boshard,dboshardiu@harvard.edu,Female,542-199-5693
680,Barclay,Eddington,beddingtoniv@nsw.gov.au,Polygender,702-690-1825
681,Collette,Hindge,chindgeiw@mtv.com,Non-binary,384-385-4863
682,Byram,Burnsell,bburnsellix@gizmodo.com,Non-binary,444-523-0541
683,Adelaide,Studde,astuddeiy@chron.com,Agender,940-586-5820
684,Glynn,Hurdman,ghurdmaniz@bloglines.com,Bigender,930-714-8408
685,Missy,Mosby,mmosbyj0@admin.ch,Bigender,736-279-7439
686,Adlai,Ockleshaw,aockleshawj1@timesonline.co.uk,Female,435-605-4238
687,Tomasine,Cumberlidge,tcumberlidgej2@de.vu,Non-binary,401-430-4121
688,Karla,Waghorne,kwaghornej3@geocities.com,Female,618-593-3009
689,Everard,Everill,eeverillj4@smugmug.com,Non-binary,997-893-0590
690,Mady,Libermore,mlibermorej5@yellowbook.com,Genderqueer,906-587-7214
691,Kiah,Cassin,kcassinj6@naver.com,Agender,319-574-3999
692,Salim,Minall,sminallj7@newyorker.com,Agender,684-386-9639
693,Mercedes,Oguz,moguzj8@shutterfly.com,Male,902-782-6256
694,Xenia,Ponte,xpontej9@deliciousdays.com,Agender,854-603-6748
695,Corrinne,Dickin,cdickinja@columbia.edu,Genderfluid,436-285-5406
696,Candie,Edlin,cedlinjb@paypal.com,Male,412-788-0141
697,Thatch,Sebert,tsebertjc@telegraph.co.uk,Genderfluid,760-443-2573
698,Rickie,Croll,rcrolljd@nyu.edu,Female,530-611-4189
699,Brandy,Phizakarley,bphizakarleyje@shop-pro.jp,Bigender,391-726-9534
700,Gaylene,Janjic,gjanjicjf@e-recht24.de,Male,723-729-1699
701,Brianne,Jorio,bjoriojg@amazonaws.com,Polygender,429-848-9546
702,Shae,Dudney,sdudneyjh@pbs.org,Bigender,451-729-1149
703,Clea,Elvidge,celvidgeji@skype.com,Non-binary,955-655-6933
704,Wilhelmina,Ayto,waytojj@so-net.ne.jp,Polygender,477-111-9754
705,Vanna,Stichall,vstichalljk@wordpress.org,Bigender,599-384-2800
706,Audy,Flaws,aflawsjl@sciencedaily.com,Male,988-478-4228
707,Mendie,Hanley,mhanleyjm@wikimedia.org,Polygender,287-568-0195
708,Cristionna,McConnel,cmcconneljn@google.cn,Male,244-510-7353
709,Marjory,Dinnies,mdinniesjo@mtv.com,Female,950-288-7616
710,Ari,Santostefano.,asantostefanojp@msn.com,Polygender,216-245-0871
711,Valdemar,Baddam,vbaddamjq@arstechnica.com,Non-binary,304-519-8998
712,Darryl,O'Fearguise,dofearguisejr@wix.com,Genderqueer,534-665-3405
713,Hendrik,Emmens,hemmensjs@aol.com,Female,304-554-6260
714,Katerine,Alderton,kaldertonjt@istockphoto.com,Agender,274-848-9929
715,Farr,Clay,fclayju@flickr.com,Bigender,534-190-6139
716,Rita,Gaskarth,rgaskarthjv@webeden.co.uk,Female,668-611-2311
717,Abie,Primo,aprimojw@hud.gov,Male,277-833-1261
718,Ingram,Jado,ijadojx@sakura.ne.jp,Male,798-518-6278
719,Nancey,Jorio,njoriojy@ucoz.com,Agender,524-190-3964
720,Herold,Gages,hgagesjz@ebay.co.uk,Bigender,441-961-1437
721,Northrup,Petford,npetfordk0@t.co,Bigender,867-516-8307
722,Marissa,Loghan,mloghank1@gmpg.org,Genderfluid,117-931-3624
723,Ranique,Brende,rbrendek2@nydailynews.com,Male,537-508-4269
724,Teresina,Chotty,tchottyk3@vkontakte.ru,Male,341-417-7560
725,Anselma,Firbanks,afirbanksk4@twitter.com,Male,208-370-1358
726,Lynett,Pretti,lprettik5@is.gd,Genderfluid,392-960-5328
727,Margarete,Harlin,mharlink6@google.com,Bigender,372-356-5336
728,Dionysus,Allom,dallomk7@domainmarket.com,Polygender,649-181-1409
729,Adrien,Saxelby,asaxelbyk8@lulu.com,Genderfluid,981-819-1537
730,Glori,Follows,gfollowsk9@who.int,Non-binary,759-842-9104
731,Allan,Cattonnet,acattonnetka@drupal.org,Bigender,218-345-4097
732,Garreth,Aumerle,gaumerlekb@printfriendly.com,Bigender,160-883-2852
733,Frankie,Horsted,fhorstedkc@ihg.com,Agender,287-952-6901
734,Nikki,Roaf,nroafkd@typepad.com,Bigender,247-420-0437
735,Goldy,Whatford,gwhatfordke@123-reg.co.uk,Agender,786-372-2736
736,Daffi,Truelock,dtruelockkf@fema.gov,Male,447-660-3935
737,Kathlin,Hansed,khansedkg@csmonitor.com,Polygender,869-644-9166
738,Nathanael,Chugg,nchuggkh@google.cn,Female,656-324-3296
739,Sasha,Startin,sstartinki@scientificamerican.com,Agender,597-918-1268
740,Frieda,Cambden,fcambdenkj@flickr.com,Genderfluid,602-788-0836
741,Nestor,Heckle,nhecklekk@mozilla.com,Bigender,989-719-1433
742,Ebeneser,Rengger,erenggerkl@netscape.com,Bigender,409-870-8637
743,Francoise,Crook,fcrookkm@skype.com,Male,487-760-2383
744,Deeanne,Dorrell,ddorrellkn@oaic.gov.au,Non-binary,593-312-2670
745,Carina,Freckingham,cfreckinghamko@xrea.com,Female,202-239-2915
746,Claudetta,Hostan,chostankp@amazon.com,Polygender,526-790-9821
747,Ibby,Labusquiere,ilabusquierekq@intel.com,Genderqueer,424-391-9157
748,Nevin,Moulsdall,nmoulsdallkr@bandcamp.com,Bigender,134-391-4276
749,Don,Bankhurst,dbankhurstks@comsenz.com,Genderfluid,858-375-4609
750,Albrecht,Birtwhistle,abirtwhistlekt@mysql.com,Genderqueer,789-505-1475
751,Arlette,Szymonowicz,aszymonowiczku@issuu.com,Bigender,638-554-6916
752,Joyann,Simson,jsimsonkv@xing.com,Agender,241-313-5295
753,Poppy,Braney,pbraneykw@theatlantic.com,Polygender,349-967-4289
754,Melanie,Mussettini,mmussettinikx@state.tx.us,Agender,217-929-4237
755,Wayne,Firminger,wfirmingerky@flickr.com,Agender,225-166-7933
756,Burg,Rubenov,brubenovkz@issuu.com,Genderqueer,119-368-1253
757,Courtnay,Clow,cclowl0@fastcompany.com,Genderqueer,890-962-0602
758,Gabrila,Fitchen,gfitchenl1@artisteer.com,Agender,819-101-8834
759,Brandy,Maureen,bmaureenl2@soup.io,Agender,375-359-6109
760,Obadiah,Glashby,oglashbyl3@scribd.com,Agender,816-778-1064
761,Ann,Clawley,aclawleyl4@wufoo.com,Female,356-160-6262
762,Caril,Thorneloe,cthorneloel5@apple.com,Genderqueer,217-535-8668
763,Clyde,Kench,ckenchl6@cbslocal.com,Agender,660-665-5980
764,Shay,Bowdery,sbowderyl7@shareasale.com,Agender,350-244-9621
765,Rosetta,Itzhak,ritzhakl8@hugedomains.com,Male,181-352-6163
766,Korry,Tiffin,ktiffinl9@is.gd,Bigender,692-486-3745
767,Tabbi,Khalid,tkhalidla@cnn.com,Genderqueer,620-402-2847
768,Veriee,Staden,vstadenlb@yelp.com,Genderqueer,893-414-4913
769,Angelo,Dagnall,adagnalllc@cyberchimps.com,Polygender,510-833-0691
770,Beck,Bow,bbowld@nba.com,Female,246-397-6652
771,Sharai,Coulbeck,scoulbeckle@sogou.com,Non-binary,197-766-9188
772,Filippo,Calf,fcalflf@arstechnica.com,Bigender,485-955-3391
773,Meade,Bickmore,mbickmorelg@livejournal.com,Agender,635-779-4176
774,Abbot,Westney,awestneylh@independent.co.uk,Agender,893-378-7360
775,Devina,Jolliffe,djolliffeli@xinhuanet.com,Bigender,965-223-6961
776,Elvina,MacCulloch,emaccullochlj@posterous.com,Bigender,420-508-7325
777,Gerti,Currer,gcurrerlk@gizmodo.com,Genderqueer,618-421-8557
778,Thurston,Gately,tgatelyll@wikimedia.org,Non-binary,565-988-3600
779,Symon,Gwalter,sgwalterlm@etsy.com,Female,305-545-8812
780,Frannie,Asson,fassonln@sfgate.com,Female,647-556-4472
781,Lucienne,Goby,lgobylo@go.com,Bigender,613-196-9603
782,Malcolm,Brockie,mbrockielp@dedecms.com,Genderqueer,428-473-2800
783,Zsa zsa,Dodwell,zdodwelllq@homestead.com,Genderfluid,626-176-7820
784,Evelyn,Bowld,ebowldlr@bbb.org,Male,130-541-7772
785,Nelli,Bruckshaw,nbruckshawls@addthis.com,Genderqueer,507-723-9977
786,Coretta,Paule,cpaulelt@naver.com,Polygender,213-168-7847
787,Pierre,Beynon,pbeynonlu@wiley.com,Non-binary,227-255-1044
788,Fairfax,Garrick,fgarricklv@icq.com,Genderqueer,557-511-4493
789,Tildy,Panner,tpannerlw@utexas.edu,Female,322-678-0819
790,Evey,Marin,emarinlx@japanpost.jp,Agender,934-627-9654
791,Urbanus,Dumphrey,udumphreyly@issuu.com,Agender,656-898-6585
792,Prentiss,Golt,pgoltlz@craigslist.org,Agender,280-174-1708
793,Aryn,Greenier,agreenierm0@go.com,Male,463-364-6884
794,Ximenez,Sipson,xsipsonm1@netlog.com,Male,675-359-1447
795,Keene,Culpan,kculpanm2@studiopress.com,Polygender,571-124-6225
796,Law,Eminson,leminsonm3@youtu.be,Agender,528-451-1109
797,Andriette,Penhaligon,apenhaligonm4@howstuffworks.com,Female,165-796-8668
798,Clarke,Bartel,cbartelm5@economist.com,Agender,625-536-4381
799,Trisha,Eyckelberg,teyckelbergm6@statcounter.com,Male,238-308-7029
800,Dorine,Scrinage,dscrinagem7@dion.ne.jp,Bigender,956-551-2162
801,Sherwood,Peeke-Vout,speekevoutm8@chronoengine.com,Female,136-812-1316
802,Tammy,Ion,tionm9@51.la,Genderqueer,370-474-2561
803,Lilias,Sultana,lsultanama@photobucket.com,Genderqueer,142-107-4039
804,Emmy,Stebbings,estebbingsmb@uol.com.br,Agender,812-960-6049
805,Shelagh,Danilishin,sdanilishinmc@cargocollective.com,Non-binary,231-824-2646
806,Rivi,Giacovazzo,rgiacovazzomd@cbsnews.com,Polygender,196-805-7881
807,Jamima,Ellam,jellamme@npr.org,Non-binary,253-329-6526
808,Andromache,Moorfield,amoorfieldmf@economist.com,Agender,219-746-4133
809,Kassie,Maillard,kmaillardmg@discuz.net,Agender,252-328-3979
810,Adham,Dowda,adowdamh@eventbrite.com,Polygender,955-907-8477
811,Jaquelyn,Barrowcliff,jbarrowcliffmi@topsy.com,Bigender,960-847-6099
812,Adamo,Ivanishchev,aivanishchevmj@skyrock.com,Agender,714-414-9466
813,Alison,Lillistone,alillistonemk@seattletimes.com,Male,564-789-4292
814,Evelin,Coldham,ecoldhamml@altervista.org,Polygender,257-330-6163
815,Shelly,Jonathon,sjonathonmm@spiegel.de,Polygender,701-549-5344
816,Gladi,Eloy,geloymn@amazon.de,Female,738-595-6352
817,Lynea,Haslum,lhaslummo@ucla.edu,Female,419-720-4281
818,Betti,Cancellieri,bcancellierimp@adobe.com,Agender,464-773-1994
819,Gustav,Gallatly,ggallatlymq@mayoclinic.com,Female,180-913-6717
820,Emelda,Eagers,eeagersmr@google.cn,Female,753-498-6066
821,Velma,Garmey,vgarmeyms@istockphoto.com,Agender,473-853-4647
822,Shirline,Strippling,sstripplingmt@dedecms.com,Bigender,497-687-9870
823,Rickie,McBlain,rmcblainmu@ibm.com,Bigender,785-954-6318
824,Stephine,Maden,smadenmv@acquirethisname.com,Bigender,296-759-9894
825,Amos,Davidou,adavidoumw@wunderground.com,Female,103-127-8167
826,Edee,Daouze,edaouzemx@businesswire.com,Genderfluid,887-860-5744
827,Marshall,Hosten,mhostenmy@github.com,Genderfluid,309-540-1879
828,Lorry,Leneve,llenevemz@people.com.cn,Non-binary,245-244-3201
829,Mac,Bridger,mbridgern0@xinhuanet.com,Bigender,772-576-2493
830,Derward,Jime,djimen1@telegraph.co.uk,Genderfluid,991-520-3439
831,Wynne,Darington,wdaringtonn2@nifty.com,Genderqueer,329-929-3861
832,Erwin,Guppie,eguppien3@tuttocitta.it,Non-binary,995-407-2934
833,Ivie,Liversidge,iliversidgen4@opensource.org,Non-binary,757-884-4419
834,Emmy,Fennick,efennickn5@who.int,Female,342-263-4792
835,Anni,Maasz,amaaszn6@wunderground.com,Genderqueer,916-551-5589
836,Wilmer,Brandone,wbrandonen7@stumbleupon.com,Female,746-654-5377
837,Kienan,Touret,ktouretn8@psu.edu,Female,715-594-9238
838,Aleece,Castiblanco,acastiblancon9@noaa.gov,Genderqueer,245-545-9447
839,Walden,Heephy,wheephyna@go.com,Female,183-932-3529
840,Kirsti,Haythorne,khaythornenb@parallels.com,Agender,277-175-7215
841,Darrell,Ebenezer,debenezernc@google.com.br,Non-binary,882-325-4107
842,Randi,Moultrie,rmoultriend@jiathis.com,Genderqueer,659-129-7231
843,Kirsten,Baumford,kbaumfordne@weather.com,Bigender,637-162-4258
844,Viviene,Lisciandro,vlisciandronf@intel.com,Genderfluid,451-314-2340
845,Chlo,Cours,ccoursng@tiny.cc,Genderfluid,373-260-3835
846,Fan,Barette,fbarettenh@sakura.ne.jp,Genderqueer,923-461-1054
847,Francesco,Tutchener,ftutchenerni@amazon.co.uk,Male,936-321-6244
848,Vincenz,Olivi,volivinj@yahoo.com,Female,845-791-4199
849,Sergei,Fasham,sfashamnk@bloglines.com,Polygender,161-940-2767
850,Jordanna,Linn,jlinnnl@themeforest.net,Female,655-886-3775
851,Eula,Storms,estormsnm@upenn.edu,Non-binary,633-790-6404
852,Alexine,Harder,ahardernn@people.com.cn,Bigender,659-838-1280
853,Bartolemo,Budleigh,bbudleighno@google.de,Genderqueer,788-839-6909
854,Willamina,Clougher,wcloughernp@deviantart.com,Male,627-603-9312
855,Hill,Boldra,hboldranq@hc360.com,Polygender,390-611-3602
856,Germain,Nestoruk,gnestoruknr@zimbio.com,Polygender,445-362-8548
857,Hetty,Mulvihill,hmulvihillns@parallels.com,Non-binary,448-596-7190
858,Delmer,Coniff,dconiffnt@bloglovin.com,Bigender,185-985-0528
859,Tybalt,Sammonds,tsammondsnu@forbes.com,Male,318-315-7947
860,Bartie,Tucknott,btucknottnv@e-recht24.de,Bigender,557-818-8818
861,Seka,Farmloe,sfarmloenw@hhs.gov,Bigender,225-732-4064
862,Orsa,Dannett,odannettnx@redcross.org,Genderfluid,470-355-2051
863,Richardo,Depke,rdepkeny@vkontakte.ru,Female,750-954-1933
864,Lawry,Montford,lmontfordnz@alibaba.com,Bigender,284-237-1056
865,Marne,Latan,mlatano0@nba.com,Bigender,451-716-2359
866,Christye,Nitti,cnittio1@ustream.tv,Agender,641-196-0458
867,Alwyn,Norrington,anorringtono2@sun.com,Genderfluid,380-417-2422
868,Arch,Filler,afillero3@hc360.com,Male,164-665-5934
869,Benedetta,Chesley,bchesleyo4@nhs.uk,Non-binary,504-290-5282
870,Tanitansy,Abella,tabellao5@upenn.edu,Female,870-119-6925
871,Clemmie,Keirle,ckeirleo6@msn.com,Male,318-662-5315
872,Neile,Mateus,nmateuso7@addtoany.com,Agender,179-227-5155
873,Michel,Ableson,mablesono8@geocities.jp,Agender,641-370-8338
874,Tiffany,Pollastro,tpollastroo9@cam.ac.uk,Bigender,833-193-1548
875,Thorn,Hugli,thuglioa@usnews.com,Genderfluid,381-301-0199
876,Burl,Cornil,bcornilob@dropbox.com,Male,113-522-5914
877,Wenda,Ellaway,wellawayoc@mapy.cz,Male,183-147-2987
878,Tommy,Ortas,tortasod@sbwire.com,Agender,258-423-1802
879,Josiah,Stegell,jstegelloe@themeforest.net,Genderfluid,932-986-1222
880,Daria,Jupe,djupeof@vk.com,Male,108-645-1391
881,Schuyler,Pentycost,spentycostog@smh.com.au,Genderfluid,239-710-0713
882,Vergil,Fewell,vfewelloh@networkadvertising.org,Male,307-271-1749
883,Rhys,Loyd,rloydoi@reverbnation.com,Polygender,576-238-4822
884,Zack,Labrom,zlabromoj@mozilla.com,Genderfluid,809-501-3497
885,Rowland,Starsmeare,rstarsmeareok@moonfruit.com,Female,391-826-1268
886,Zach,Tschursch,ztschurschol@salon.com,Agender,141-411-0538
887,Ethyl,Lindell,elindellom@blinklist.com,Genderfluid,933-597-1730
888,Margot,Malatalant,mmalatalanton@cnn.com,Non-binary,490-927-9942
889,Levy,Reicharz,lreicharzoo@tinypic.com,Polygender,749-928-5772
890,Olivette,Quilter,oquilterop@youtu.be,Polygender,488-268-1921
891,Jennine,Loffel,jloffeloq@1und1.de,Bigender,734-137-1797
892,Curtis,Blagden,cblagdenor@go.com,Male,157-423-6849
893,Cordie,Yeaman,cyeamanos@fc2.com,Female,260-992-1362
894,Elfreda,Ambrogini,eambroginiot@imgur.com,Female,756-334-4736
895,Tawsha,Dobney,tdobneyou@qq.com,Female,875-926-6703
896,Henrik,Bridgestock,hbridgestockov@ucsd.edu,Polygender,336-919-8296
897,Verne,Benedikt,vbenediktow@yandex.ru,Bigender,311-895-0141
898,Stanton,Orwin,sorwinox@gizmodo.com,Genderqueer,442-164-6344
899,Kristofor,Emanulsson,kemanulssonoy@weibo.com,Agender,642-144-9767
900,Paule,Sinkinson,psinkinsonoz@irs.gov,Genderfluid,378-543-5476
901,Cordie,Rainard,crainardp0@utexas.edu,Bigender,919-232-8955
902,Rickie,Pescud,rpescudp1@wordpress.com,Genderqueer,480-190-4182
903,Devlin,Whittam,dwhittamp2@go.com,Genderfluid,698-317-5630
904,Sandie,Leades,sleadesp3@reuters.com,Bigender,897-529-8632
905,Alexis,Georgeon,ageorgeonp4@indiatimes.com,Bigender,805-479-0924
906,Eleen,Rodge,erodgep5@youtu.be,Genderfluid,730-773-7317
907,Ginger,Rousby,grousbyp6@auda.org.au,Non-binary,875-861-5596
908,Maurine,Whitwham,mwhitwhamp7@elpais.com,Non-binary,288-759-2191
909,Camel,Croix,ccroixp8@shop-pro.jp,Genderqueer,649-462-1998
910,Nikaniki,Rathborne,nrathbornep9@kickstarter.com,Polygender,956-410-7205
911,Dori,Pahl,dpahlpa@youku.com,Male,577-114-1746
912,Jodie,Pallas,jpallaspb@desdev.cn,Genderqueer,266-130-6742
913,Danya,Ranyelld,dranyelldpc@hao123.com,Non-binary,649-198-2349
914,Burk,Penny,bpennypd@imdb.com,Female,502-248-6535
915,Alexander,Bloomfield,abloomfieldpe@forbes.com,Male,659-783-9309
916,Cleon,Rocco,croccopf@yelp.com,Genderfluid,369-523-6240
917,Myles,Rosendahl,mrosendahlpg@fda.gov,Agender,392-569-7252
918,Zach,Danko,zdankoph@geocities.com,Genderqueer,741-625-1105
919,Richie,Borland,rborlandpi@flickr.com,Male,453-923-3771
920,Isa,Andrivot,iandrivotpj@ameblo.jp,Non-binary,198-663-8941
921,Xylia,Dupre,xduprepk@auda.org.au,Genderfluid,810-796-6863
922,Theresina,Mitchely,tmitchelypl@europa.eu,Bigender,941-677-0202
923,Norby,Larroway,nlarrowaypm@diigo.com,Non-binary,991-762-8806
924,Carlita,Zimek,czimekpn@google.co.uk,Bigender,535-266-6895
925,Evey,Bearman,ebearmanpo@mozilla.com,Genderfluid,689-819-9077
926,Vernon,Hammel,vhammelpp@ftc.gov,Male,552-331-9385
927,Ryan,Rippin,rrippinpq@nsw.gov.au,Genderqueer,465-876-9194
928,Rafaellle,Hughf,rhughfpr@plala.or.jp,Non-binary,909-325-8622
929,Claire,Jolliff,cjolliffps@printfriendly.com,Bigender,399-921-7968
930,Alikee,Corn,acornpt@wufoo.com,Female,804-290-1428
931,Ruddie,Moreman,rmoremanpu@surveymonkey.com,Genderfluid,834-479-2906
932,Fawn,Inge,fingepv@spotify.com,Genderfluid,673-354-9132
933,Ediva,Tranter,etranterpw@ustream.tv,Agender,554-815-0772
934,Mallissa,Juliff,mjuliffpx@themeforest.net,Polygender,636-533-2948
935,Ivor,Godsil,igodsilpy@dell.com,Bigender,180-683-4229
936,Allen,Erlam,aerlampz@ted.com,Non-binary,364-196-4075
937,Thornton,Dorre,tdorreq0@dagondesign.com,Bigender,972-805-7391
938,Curt,Beagin,cbeaginq1@mapy.cz,Genderfluid,712-168-2751
939,Deerdre,Di Domenico,ddidomenicoq2@dion.ne.jp,Non-binary,451-395-4173
940,Spense,Berni,sberniq3@hc360.com,Non-binary,514-826-2093
941,Claudian,Enrigo,cenrigoq4@examiner.com,Agender,275-145-9038
942,Lanie,Bricksey,lbrickseyq5@exblog.jp,Male,551-614-0717
943,Ruthann,Nicholes,rnicholesq6@twitpic.com,Genderfluid,364-866-8772
944,Estrellita,Sieur,esieurq7@netscape.com,Polygender,434-943-0057
945,Frasco,Bywater,fbywaterq8@bluehost.com,Male,629-474-9880
946,Anders,Del Checolo,adelchecoloq9@bing.com,Genderfluid,490-661-5452
947,Sayre,Treslove,stresloveqa@jigsy.com,Genderqueer,503-157-0706
948,Kelly,Cassin,kcassinqb@webnode.com,Agender,196-751-5997
949,Rockwell,Furmagier,rfurmagierqc@is.gd,Non-binary,360-812-0172
950,Lilyan,Foggo,lfoggoqd@nytimes.com,Agender,884-452-1900
951,Samuel,Bratty,sbrattyqe@boston.com,Genderfluid,787-147-6050
952,Kerwinn,Bareham,kbarehamqf@tamu.edu,Genderfluid,343-495-5149
953,Ken,Sheards,ksheardsqg@parallels.com,Female,536-320-4599
954,Desmund,Boseley,dboseleyqh@fda.gov,Polygender,798-450-5025
955,Emmerich,Wigin,ewiginqi@businessinsider.com,Bigender,666-800-7299
956,Pierette,Moyle,pmoyleqj@cornell.edu,Agender,399-665-6775
957,Percy,Drable,pdrableqk@umich.edu,Polygender,998-932-2965
958,Abigale,Wileman,awilemanql@bluehost.com,Agender,551-218-9406
959,Daffy,Gunderson,dgundersonqm@abc.net.au,Non-binary,627-813-0322
960,Sol,Pottberry,spottberryqn@sciencedirect.com,Female,545-796-3449
961,Rhody,Cordel,rcordelqo@bloomberg.com,Bigender,636-278-7881
962,Bridgette,Bushnell,bbushnellqp@technorati.com,Polygender,277-241-3080
963,Dell,Hairyes,dhairyesqq@shutterfly.com,Polygender,821-320-0528
964,Barny,Doche,bdocheqr@gmpg.org,Polygender,651-790-1817
965,Kearney,Slark,kslarkqs@stumbleupon.com,Genderfluid,772-159-6161
966,Jozef,Tufts,jtuftsqt@nytimes.com,Female,805-624-6263
967,Salomone,Simenel,ssimenelqu@edublogs.org,Polygender,317-580-8095
968,Hillard,Berkowitz,hberkowitzqv@sitemeter.com,Genderqueer,631-391-7700
969,Ade,Terney,aterneyqw@cisco.com,Polygender,204-196-7427
970,Hally,Pond,hpondqx@ted.com,Non-binary,200-203-0412
971,Darcey,Hatwells,dhatwellsqy@ucoz.ru,Polygender,773-460-0703
972,Tedda,Gauler,tgaulerqz@archive.org,Genderfluid,649-386-5617
973,Stavros,Giacovazzo,sgiacovazzor0@i2i.jp,Female,125-376-1080
974,Gretta,Hein,gheinr1@amazon.de,Genderqueer,659-848-5844
975,Leshia,Cahillane,lcahillaner2@apple.com,Non-binary,612-471-3307
976,Gustave,Kroon,gkroonr3@about.com,Genderfluid,409-560-8144
977,Dev,Neggrini,dneggrinir4@reddit.com,Genderfluid,161-749-3072
978,Grover,Loudon,gloudonr5@ed.gov,Male,264-264-8327
979,Rodrigo,Plowright,rplowrightr6@about.me,Male,215-914-3102
980,Lucias,Siene,lsiener7@opensource.org,Polygender,493-128-0370
981,Aksel,Crysell,acrysellr8@hp.com,Bigender,318-541-6353
982,Carrissa,Longford,clongfordr9@bbc.co.uk,Genderfluid,184-302-5768
983,Lucretia,Dunlop,ldunlopra@istockphoto.com,Polygender,777-796-5568
984,Elfrida,McReedy,emcreedyrb@cornell.edu,Genderqueer,782-134-7104
985,Pansy,Mattielli,pmattiellirc@mlb.com,Genderqueer,702-836-8513
986,Blondie,Houliston,bhoulistonrd@sitemeter.com,Agender,677-187-5770
987,Angelia,Kinze,akinzere@xinhuanet.com,Genderfluid,874-521-1173
988,Cheri,Herkess,cherkessrf@yahoo.co.jp,Non-binary,304-146-3795
989,Maddi,Caroli,mcarolirg@cocolog-nifty.com,Female,343-159-3062
990,Dre,Duddridge,dduddridgerh@hostgator.com,Polygender,368-499-6023
991,Devonna,Matasov,dmatasovri@e-recht24.de,Bigender,967-453-5754
992,Charlotta,Pendreigh,cpendreighrj@tuttocitta.it,Male,500-994-9296
993,Sherwin,Sinkins,ssinkinsrk@ameblo.jp,Non-binary,304-254-4262
994,Sidnee,Jimpson,sjimpsonrl@arstechnica.com,Genderfluid,516-426-9504
995,Wynnie,Farrall,wfarrallrm@amazon.co.jp,Polygender,705-281-5853
996,Maurise,Cousin,mcousinrn@kickstarter.com,Genderqueer,701-589-7045
997,Jade,Pidduck,jpidduckro@e-recht24.de,Bigender,567-345-4248
998,Reider,Benedettini,rbenedettinirp@bloglovin.com,Non-binary,329-614-1203
999,Theodoric,Linch,tlinchrq@storify.com,Genderqueer,827-188-2498
1000,Leandra,Crosthwaite,lcrosthwaiterr@blog.com,Bigender,840-240-5278
